description,image,steps_number,recipe_id
"psum is that it has a more-or-less normal distribution of letters, as opposed to using 'C",https://i.picsum.photos/id/522/200/200.jpg?hmac=-4K81k9CA5C9S2DWiH5kP8rMvaAPk2LByYZHP9ejTjA,1,1
"el text, and a search for 'lorem ipsum' will uncover many web sites still in their infancy. Variou",,2,1
"pular belief, Lorem Ipsum is not simply random text. It has roots in a piece of classical Lati",https://i.picsum.photos/id/305/200/200.jpg?hmac=GAm9fW477iVRZTOeQCdEqLVug4lTf8wnHHzLof8RbFQ,3,1
"he majority have suffered alteration in some form, by injected humour, or randomised ",,4,1
" of classical Latin literature from 45 BC, making it over 2000 years old. Richard M",https://i.picsum.photos/id/209/200/200.jpg?hmac=hsby8v-4ueyQ64FWn-Eqn4P9AtOM7OCsjA_L8rxOwHM,1,2
"e Latin words, consectetur, from a Lorem Ipsum passage, and going through the cites of the ",https://i.picsum.photos/id/679/200/200.jpg?hmac=sPsw4YJPQkWFqo2k5UycejGhY4UXvaDXStGmvJEhFBA,2,2
"se on the theory of ethics, very popular during the Renaissance. The first line of Lore",,3,2
"going to use a passage of Lorem Ipsum, you need to be sure there isn't anything embar",https://i.picsum.photos/id/211/200/200.jpg?hmac=VJ4wl95YuQJMvM_1O83L3nSfTn20OxaVfWe0wNMZrIc,1,3
". It uses a dictionary of over 200 Latin words, combined with a handful ",https://i.picsum.photos/id/1076/200/200.jpg?hmac=KTOq4o7b6rXzwd8kYN0nWrPIeKI97mzxBdWhnn-o-Nc,2,3
ate Lorem Ipsum which looks reasonable. The generated Lorem Ipsum is therefore ,https://i.picsum.photos/id/426/200/200.jpg?hmac=5auPuax0L2lXSIX0eJ2Qxa3HzmGUHCrGDPIEMAWgw7o,3,3
aliquip ex ea commodo co,,1,4
"xplicabo. Nemo enim ipsam voluptatem quia voluptas sit aspernatur aut odit aut fugit, sed quia consequuntur magni dolores eos qui ratione volupta",,2,4
"isci velit, sed quia non numquam eius modi tempora incidunt ut labore et dolore magnam aliquam quaerat voluptatem. Ut enim ad minima veniam, quis",,3,4
