id,category,description,image,owner_id,title
1,noodle,"Lorem ipsum dolor sit amet, consectetur adipiscing elit. Nullam ut risus vel lorem pulvinar vestibulum. Proin eget tincidunt nisl, quis ornare tortor. Sed porta convallis m",https://i.picsum.photos/id/458/250/150.jpg?hmac=QtTVZOFzTujCuGdA0DkjYwznNinWqYbwM1Yu7bphQEY,1,Noodle1
2,noodle,"Curabitur viverra convallis est, in rhoncus felis aliquam nec. Fusce vulputate turpis velit, non auctor ex tristique eget. Curabitur pharetra sit amet dui at semper. Cras eleifend sagittis lorem, in iaculis lor",https://i.picsum.photos/id/273/250/150.jpg?hmac=v9j-RTp2NGIbcnfzo1wCMaL0iARYj1bCyb_FdOlS_84,1,Noodle2
3,noodle,"In id sem vel sapien blandit porta ut in nisi. Duis consectetur neque metus, eu tempus leo rhoncus in. Aenean dictum quis lectus vitae ullamcorper. Vivamus ultricies risus leo, quis pellentesque",https://i.picsum.photos/id/640/250/150.jpg?hmac=xMXA2zfjFDGXCgvOIc9oUDscYbIsw7RDDxa5XkmrU2Q,1,Noodle3
4,noodle,Phasellus id dapibus magna. Quisque gravida rhoncus dui nec placerat. Donec bibendum nisl quis dignissim semper. Donec cursus placerat ligula scelerisque malesuada. Ve,https://i.picsum.photos/id/696/250/150.jpg?hmac=lV6cSFhOR38MQIFSRZUSzlG4UADhjE55KY83jhMnnpM,1,Noodle4
5,noodle,"Sed porttitor ullamcorper ex quis condimentum. Ut nibh nisi, gravida eget nisi id, mollis cursus lectus. Phasellus a massa eleifend, imperdiet eros nec, tristique ligula. Donec co",https://i.picsum.photos/id/942/250/150.jpg?hmac=aaMfer_m_gJt-Tb-kUKPOwWlTyG40p7YBBvtvaspKFA,1,Noodle5
6,noodle,"Sed commodo, nibh vel suscipit molestie, sem libero lobortis lorem, eu accumsan leo lorem a arcu. Cras sed felis neque. Orci varius natoque penatibus et magnis dis partu",https://i.picsum.photos/id/864/250/150.jpg?hmac=M5OknDI6p8MDeqriif-TiJVGHJslFVCVjjP4HmTYZgE,1,Noodle6
7,noodle,"Sed luctus nibh id ullamcorper facilisis. Aliquam placerat diam enim, non ultrices ex consequat eu. Maecenas fermentum diam leo, eu accumsan mauris tincidunt vitae. Do",https://i.picsum.photos/id/838/250/150.jpg?hmac=6k77YyIc7mFRuNn7f0FpQVqfpnW-LzefuD349sgz2Iw,1,Noodle7
8,noodle,"Nunc tempor justo est, at semper ligula venenatis sed. Sed ultrices sem quam, eget ullamcorper sapien semper nec. Praesent bibendum sem a purus tristique, in mal",https://i.picsum.photos/id/873/250/150.jpg?hmac=tu-tIPA9t1_0BG1EYZvtRERbYJsTDgm9or2qslYGFhg,1,Noodle8
9,noodle,"Cras sodales, risus non vehicula feugiat, eros augue pharetra justo, eget elementum justo nisi nec ligula. Sed placerat felis sit amet ipsum venenatis sollicitudin. Mauris sit amet mau",https://i.picsum.photos/id/1062/250/150.jpg?hmac=WEDSJ0P4nqcQlh9q_Px68GK74BDqbSUYomRbYnbStIo,1,Noodle9
10,noodle,at blandit ex nisl vitae felis. Sed cursus nec ex non cursus. Suspendisse vitae egestas libero. Fusce laoreet nulla nec lorem mollis ornare. In hac habitasse platea dict,https://i.picsum.photos/id/237/250/150.jpg?hmac=43EMcrOyJ-hIu7amlRAysS8kt4FcDPnf1XDzAjIqy90,1,Noodle10
11,chicken,"aecenas hendrerit nisi in condimentum dictum. Nam tincidunt, dui in egestas gravida, mauris sem molestie odio, at tempus lorem est quis velit. Phasellus vitae consequat ips",https://i.picsum.photos/id/607/250/150.jpg?hmac=G_e4CPIDOhukq55HMLlDiR1RjQCkvPiK0Nr-urh3f0g,2,Chicken1
12,chicken,"us. Fusce eget fermentum mi. Pellentesque porta commodo leo, in euismod leo ultricies maximus. Curabitur vel accumsan ipsum, rutrum ullamcorper neque. Vestibu",https://i.picsum.photos/id/156/250/150.jpg?hmac=BaD8kY9PKlyuL6kEFS0ua6wC1wWPQbVYxTzkulC0ZeU,2,Chicken2
13,chicken,"ellus venenatis nec odio vel tempus. Nam auctor risus lorem, hendrerit ullamcorper lorem dapibus eu. Aenean eget nisi a massa volutpat posuere. Sed tempus eleifend libero vel com",https://i.picsum.photos/id/371/250/150.jpg?hmac=KCvTiKcIQQ1sMcMvbV3ljwEbPk4TL8qvzoiPA1k8yN0,2,Chicken3
14,chicken,"on massa ultricies, euismod velit id, laoreet dui. Phasellus et diam eget enim accumsan bibendum. Nulla facilisi. Aliquam posuere ante libero, sed bibendum nibh elemen",https://i.picsum.photos/id/672/250/150.jpg?hmac=oW47T00M0_DmY8znVIqjkhQuZQHEzG4erscGCO6XZyg,2,Chicken4
15,chicken,"Etiam id nibh nec ante eleifend condimentum. Praesent eros lacus, imperdiet a nisi non, interdum sollicitudin risus. Vestibulum vehicula iaculis dolor, at bibendum lor",https://i.picsum.photos/id/385/250/150.jpg?hmac=yUYC8W2h5XDhW90N-yVtan6XRIqAwbCX7naI7TFsVPE,2,Chicken5
16,chicken,"tae urna at leo vestibulum eleifend vel a leo. Maecenas nec ipsum interdum, blandit orci sit amet, porta justo. Vestibulum sed odio at orci accumsan malesuada vel ut augue. Phasell",https://i.picsum.photos/id/45/250/150.jpg?hmac=EUnK4OS7VdgEPzDqWCEamoOHZSTQTeE6xlQBvDa0wkU,2,Chicken6
17,chicken,ugiat eget eros condimentum porta. Vestibulum egestas mi eget erat lobortis volutpat ut sit amet dui. Vivamus rhoncus quam sit amet libero placerat,https://i.picsum.photos/id/133/250/150.jpg?hmac=n6BxBH1WRPkDDowe2zJXYK_pNtDBVC5BGfJ2qUTYNi8,2,Chicken7
18,chicken,"bus. Aliquam ipsum nisl, varius quis elementum vitae, accumsan vel lacus. Sed risus magna, ultrices sit amet varius sed, condimentum eget ligul",https://i.picsum.photos/id/640/250/150.jpg?hmac=xMXA2zfjFDGXCgvOIc9oUDscYbIsw7RDDxa5XkmrU2Q,2,Chicken8
19,chicken,"t bibendum. Fusce rutrum, nibh ac facilisis posuere, velit massa aliquet sem, egestas blandit erat dui sit amet neque. Phasellus blandit placerat tincidun",https://i.picsum.photos/id/902/250/150.jpg?hmac=1DvxIkRQodn91LceW0Lz7K8ghKl6xk5CwrYKGMrforw,2,Chicken9
20,chicken,"fringilla nisl, eget commodo metus tortor ut nibh. Sed accumsan, nisi sit amet viverra finibus, nisl lectus accumsan dui, posuere rhoncus dolor lacus nec ipsum. Cras va",https://i.picsum.photos/id/473/250/150.jpg?hmac=PTp8-TxgZx4wq2GIvCdPp3OJLPrFZSte9ysP8hSuQnk,2,Chicken10
21,beef,ugiat venenatis. Phasellus nec enim nec augue tincidunt euismod in quis magna. Aenean malesuada m,https://i.picsum.photos/id/886/250/150.jpg?hmac=TDFac04bP0mx20PtICnTUzs_S6NKrNd7SwgMOBg_4W0,3,Beef1
22,beef,"nec vestibulum diam convallis eget. Quisque ut pellentesque nunc. In hac habitasse platea dictumst. Etiam vulputate turpis mauris, a suscipit enim porttitor eu.",https://i.picsum.photos/id/39/250/150.jpg?hmac=OUDZAqGkIf2mj18Z4jqRt7fwxp1y7bentfytBCebIq4,3,Beef2
23,beef,"odales, urna non efficitur malesuada, ex risus sollicitudin lectus, et rhoncus arcu eros a libero. Cras vestibulum rutrum risus eu efficitur. Maecenas at mollis ",https://i.picsum.photos/id/604/250/150.jpg?hmac=n4kx5Ri31WjcpiWuDg68UcPyXzQbhE7s9VY_EB-e0II,3,Beef3
24,beef,"Class aptent taciti sociosqu ad litora torquent per conubia nostra, per inceptos himenaeos. Aenean quam arcu, commodo eu rhoncus eu, pr",https://i.picsum.photos/id/6/250/150.jpg?hmac=HhlpSgw60utnQaFfo6RCiJWst428ZYaWmOPTgocaL_E,3,Beef4
25,beef,"am vel magna nunc. Praesent vehicula lorem auctor odio semper, quis mattis ar",https://i.picsum.photos/id/651/250/150.jpg?hmac=-jxzAmTy0B1EzLv4x3s5ZTDCyndrACoq7IiV9vRvVHQ,3,Beef5
26,beef,"am vel magna nunc. Praesent vehicula lorem auctor odio semper, quis mattis ar",https://i.picsum.photos/id/992/250/150.jpg?hmac=qzIMVFM4MdgozyKtrJzxq6bFjnwj7MADEPPRyio4uvA,3,Beef6
27,beef,"ero velit, et congue risus placerat nec. Praesent non quam molestie, euismod nunc vitae, pharetra nulla. Aenean vitae ultrices neque, nec elementum m",https://i.picsum.photos/id/260/250/150.jpg?hmac=G49upo_hfLexlhljyQUMYRghW5Jo0CLPakAWfuzaEBE,3,Beef7
28,beef,"s a aliquet convallis, facilisis eget purus. Etiam vestibulum rhoncus neque, vitae lobortis tortor finibus eu. In porta dui non libero vulputate, at tempor purus maximus.",https://i.picsum.photos/id/213/250/150.jpg?hmac=9nwGSfHAmQ7s6SvNI2mrYAyVml_3XTsdytTb8QJG5bA,3,Beef8
29,beef,"Donec at pharetra justo. Sed posuere, mi sit amet fringilla hendrerit, tortor n",https://i.picsum.photos/id/545/250/150.jpg?hmac=ToFk90I6i7nBiou8pBm6KgbgdyVtCjJgX-xQP1quBQQ,3,Beef9
30,beef,"bitur nec pulvinar diam. Maecenas rhoncus et sapien a venenatis. Duis commodo tellus at purus pellentesque, nec malesuada libero ultrices. Sed euismod l",https://i.picsum.photos/id/1012/250/150.jpg?hmac=MhWt7YRsrKalhTINzd3G4WTqz_HXpB9Kml9HAeO5-ks,3,Beef10
